# Trading Date,Product Name,Product Symbol,Delivery Period,Delivery Start,Delivery End,Contract Volume,Open Price,High Price,Low Price,Last Price,Settlement Price,Change,Exchange Volume MWh,Exchange Traded Contracts,TradeReg Volume MWh,TradeReg Traded Contracts
"2021-07-16","F PXE CZ BL CAL-22","FXBY 2022","202212","2022-01-01","2022-12-31",8760,73.7,73.7,73.7,73.7,73.8,0.57,8760,1,43800,
"2021-07-16","F PXE CZ BL CAL-23","FXBY 2023","202312","2023-01-01","2023-12-31",8760,,,,,65.05,0.39,,,,
"2021-07-16","F PXE CZ BL CAL-24","FXBY 2024","202412","2024-01-01","2024-12-31",8784,,,,,61.26,-0.10,,,175680,
"2021-07-16","F PXE CZ BL CAL-25","FXBY 2025","202512","2025-01-01","2025-12-31",8760,,,,,,0.00,,,,
"2021-07-16","F PXE CZ BL CAL-26","FXBY 2026","202612","2026-01-01","2026-12-31",8760,,,,,,0.00,,,,
"2021-07-16","F PXE CZ BL CAL-27","FXBY 2027","202712","2027-01-01","2027-12-31",8760,,,,,,0.00,,,,
"2021-07-16","F PXE CZ BL M01-22","FXBM Jan22","202201","2022-01-01","2022-01-31",744,,,,,90.1,1.19,,,,
"2021-07-16","F PXE CZ BL M07-21","FXBM Jul21","202107","2021-07-01","2021-07-31",744,,,,,87.99,0.46,,,,
"2021-07-16","F PXE CZ BL M08-21","FXBM Aug21","202108","2021-08-01","2021-08-31",744,83.7,83.7,83.7,83.7,84.13,0.61,3720,5,,
"2021-07-16","F PXE CZ BL M09-21","FXBM Sep21","202109","2021-09-01","2021-09-30",720,,,,,86.67,1.01,,,,
"2021-07-16","F PXE CZ BL M10-21","FXBM Oct21","202110","2021-10-01","2021-10-31",745,,,,,87.97,1.34,,,,
"2021-07-16","F PXE CZ BL M11-21","FXBM Nov21","202111","2021-11-01","2021-11-30",720,,,,,91.87,0.93,,,,
"2021-07-16","F PXE CZ BL M12-21","FXBM Dec21","202112","2021-12-01","2021-12-31",744,,,,,88.05,0.94,,,,
"2021-07-16","F PXE CZ BL Q01-22","FXBQ Q122","202203","2022-01-01","2022-03-31",2159,,,,,87.61,1.12,,,,
"2021-07-16","F PXE CZ BL Q01-23","FXBQ Q123","202303","2023-01-01","2023-03-31",2159,,,,,,0.00,,,,
"2021-07-16","F PXE CZ BL Q02-22","FXBQ Q222","202206","2022-04-01","2022-06-30",2184,,,,,66.44,0.51,,,,
"2021-07-16","F PXE CZ BL Q02-23","FXBQ Q223","202306","2023-04-01","2023-06-30",2184,,,,,,0.00,,,,
"2021-07-16","F PXE CZ BL Q03-22","FXBQ Q322","202209","2022-07-01","2022-09-30",2208,,,,,68.84,0.73,,,,
"2021-07-16","F PXE CZ BL Q04-21","FXBQ Q421","202112","2021-10-01","2021-12-31",2209,,,,,89.27,1.08,,,,
"2021-07-16","F PXE CZ BL Q04-22","FXBQ Q422","202212","2022-10-01","2022-12-31",2209,,,,,,0.00,,,,
"2021-07-16","F PXE CZ PL CAL-22","FXPY 2022","202212","2022-01-03","2022-12-30",3120,,,,,87.77,0.52,,,,
"2021-07-16","F PXE CZ PL CAL-23","FXPY 2023","202312","2023-01-02","2023-12-29",3120,,,,,78.96,0.20,,,,
"2021-07-16","F PXE CZ PL CAL-24","FXPY 2024","202412","2024-01-01","2024-12-31",3144,,,,,75.9,-0.03,,,,
"2021-07-16","F PXE CZ PL CAL-25","FXPY 2025","202512","2025-01-01","2025-12-31",3132,,,,,,0.00,,,,
"2021-07-16","F PXE CZ PL CAL-26","FXPY 2026","202612","2026-01-01","2026-12-31",3132,,,,,,0.00,,,,
"2021-07-16","F PXE CZ PL CAL-27","FXPY 2027","202712","2027-01-01","2027-12-31",3132,,,,,,0.00,,,,
"2021-07-16","F PXE CZ PL M01-22","FXPM Jan22","202201","2022-01-03","2022-01-31",252,,,,,111.2,0.42,,,,
"2021-07-16","F PXE CZ PL M07-21","FXPM Jul21","202107","2021-07-01","2021-07-30",264,,,,,96.71,-0.29,,,,
"2021-07-16","F PXE CZ PL M08-21","FXPM Aug21","202108","2021-08-02","2021-08-31",264,,,,,94.54,1.08,,,,
"2021-07-16","F PXE CZ PL M09-21","FXPM Sep21","202109","2021-09-01","2021-09-30",264,,,,,96.33,1.29,,,,
"2021-07-16","F PXE CZ PL M10-21","FXPM Oct21","202110","2021-10-01","2021-10-29",252,,,,,97.24,0.39,,,,
"2021-07-16","F PXE CZ PL M11-21","FXPM Nov21","202111","2021-11-01","2021-11-30",264,,,,,111.54,1.01,,,,
"2021-07-16","F PXE CZ PL M12-21","FXPM Dec21","202112","2021-12-01","2021-12-31",276,,,,,108.21,1.04,,,,
"2021-07-16","F PXE CZ PL Q01-22","FXPQ Q122","202203","2022-01-03","2022-03-31",768,,,,,104.22,0.43,,,,
"2021-07-16","F PXE CZ PL Q01-23","FXPQ Q123","202303","2023-01-02","2023-03-31",780,,,,,,0.00,,,,
"2021-07-16","F PXE CZ PL Q02-22","FXPQ Q222","202206","2022-04-01","2022-06-30",780,,,,,76.68,0.08,,,,
"2021-07-16","F PXE CZ PL Q02-23","FXPQ Q223","202306","2023-04-03","2023-06-30",780,,,,,,0.00,,,,
"2021-07-16","F PXE CZ PL Q03-22","FXPQ Q322","202209","2022-07-01","2022-09-30",792,,,,,78.82,0.60,,,,
"2021-07-16","F PXE CZ PL Q04-21","FXPQ Q421","202112","2021-10-01","2021-12-31",792,,,,,105.83,0.84,,,,
"2021-07-16","F PXE CZ PL Q04-22","FXPQ Q422","202212","2022-10-03","2022-12-30",780,,,,,,0.00,,,,
"2021-07-16","F PXE HU BL CAL-22","F9BY 2022","202212","2022-01-01","2022-12-31",8760,,,,,76.6,0.59,,,61320,
"2021-07-16","F PXE HU BL CAL-23","F9BY 2023","202312","2023-01-01","2023-12-31",8760,,,,,66.61,0.39,,,43800,
"2021-07-16","F PXE HU BL CAL-24","F9BY 2024","202412","2024-01-01","2024-12-31",8784,,,,,62.76,-0.10,,,,
"2021-07-16","F PXE HU BL CAL-25","F9BY 2025","202512","2025-01-01","2025-12-31",8760,,,,,,0.00,,,,
"2021-07-16","F PXE HU BL CAL-26","F9BY 2026","202612","2026-01-01","2026-12-31",8760,,,,,,0.00,,,,
"2021-07-16","F PXE HU BL CAL-27","F9BY 2027","202712","2027-01-01","2027-12-31",8760,,,,,,0.00,,,,
"2021-07-16","F PXE HU BL M01-22","F9BM Jan22","202201","2022-01-01","2022-01-31",744,,,,,93.6,1.36,,,,
"2021-07-16","F PXE HU BL M07-21","F9BM Jul21","202107","2021-07-01","2021-07-31",744,,,,,93.39,0.30,,,,
"2021-07-16","F PXE HU BL M08-21","F9BM Aug21","202108","2021-08-01","2021-08-31",744,91.7,93.4,91.7,93.1,93.53,0.82,6696,9,23064,
"2021-07-16","F PXE HU BL M09-21","F9BM Sep21","202109","2021-09-01","2021-09-30",720,94.5,94.5,94.5,94.5,95.27,1.08,3600,5,,
"2021-07-16","F PXE HU BL M10-21","F9BM Oct21","202110","2021-10-01","2021-10-31",745,,,,,94.6,2.48,,,,
"2021-07-16","F PXE HU BL M11-21","F9BM Nov21","202111","2021-11-01","2021-11-30",720,,,,,98.5,2.05,,,,
"2021-07-16","F PXE HU BL M12-21","F9BM Dec21","202112","2021-12-01","2021-12-31",744,,,,,94.68,2.10,,,,
"2021-07-16","F PXE HU BL Q01-22","F9BQ Q122","202203","2022-01-01","2022-03-31",2159,,,,,91.11,1.30,,,21590,
"2021-07-16","F PXE HU BL Q01-23","F9BQ Q123","202303","2023-01-01","2023-03-31",2159,,,,,,0.00,,,,
"2021-07-16","F PXE HU BL Q02-22","F9BQ Q222","202206","2022-04-01","2022-06-30",2184,,,,,68.29,0.50,,,,
"2021-07-16","F PXE HU BL Q02-23","F9BQ Q223","202306","2023-04-01","2023-06-30",2184,,,,,,0.00,,,,
"2021-07-16","F PXE HU BL Q03-22","F9BQ Q322","202209","2022-07-01","2022-09-30",2208,,,,,72.44,0.35,,,,
"2021-07-16","F PXE HU BL Q04-21","F9BQ Q421","202112","2021-10-01","2021-12-31",2209,,,,,95.9,2.22,,,159048,
"2021-07-16","F PXE HU BL Q04-22","F9BQ Q422","202212","2022-10-01","2022-12-31",2209,,,,,,0.00,,,,
"2021-07-16","F PXE HU PL CAL-22","F9PY 2022","202212","2022-01-03","2022-12-30",3120,,,,,88.77,0.51,,,,
"2021-07-16","F PXE HU PL CAL-23","F9PY 2023","202312","2023-01-02","2023-12-29",3120,,,,,79.11,0.20,,,,
"2021-07-16","F PXE HU PL CAL-24","F9PY 2024","202412","2024-01-01","2024-12-31",3144,,,,,76.4,-0.03,,,,
"2021-07-16","F PXE HU PL CAL-25","F9PY 2025","202512","2025-01-01","2025-12-31",3132,,,,,,0.00,,,,
"2021-07-16","F PXE HU PL CAL-26","F9PY 2026","202612","2026-01-01","2026-12-31",3132,,,,,,0.00,,,,
"2021-07-16","F PXE HU PL CAL-27","F9PY 2027","202712","2027-01-01","2027-12-31",3132,,,,,,0.00,,,,
"2021-07-16","F PXE HU PL M01-22","F9PM Jan22","202201","2022-01-03","2022-01-31",252,,,,,116.5,0.41,,,,
"2021-07-16","F PXE HU PL M07-21","F9PM Jul21","202107","2021-07-01","2021-07-30",264,,,,,103.65,-0.23,,,,
"2021-07-16","F PXE HU PL M08-21","F9PM Aug21","202108","2021-08-02","2021-08-31",264,,,,,105.39,0.58,,,,
"2021-07-16","F PXE HU PL M09-21","F9PM Sep21","202109","2021-09-01","2021-09-30",264,,,,,107.53,0.97,,,,
"2021-07-16","F PXE HU PL M10-21","F9PM Oct21","202110","2021-10-01","2021-10-29",252,,,,,104.34,0.37,,,,
"2021-07-16","F PXE HU PL M11-21","F9PM Nov21","202111","2021-11-01","2021-11-30",264,,,,,118.64,0.95,,,,
"2021-07-16","F PXE HU PL M12-21","F9PM Dec21","202112","2021-12-01","2021-12-31",276,,,,,115.31,0.97,,,,
"2021-07-16","F PXE HU PL Q01-22","F9PQ Q122","202203","2022-01-03","2022-03-31",768,,,,,109.52,0.41,,,,
"2021-07-16","F PXE HU PL Q01-23","F9PQ Q123","202303","2023-01-02","2023-03-31",780,,,,,,0.00,,,,
"2021-07-16","F PXE HU PL Q02-22","F9PQ Q222","202206","2022-04-01","2022-06-30",780,,,,,76.33,0.08,,,,
"2021-07-16","F PXE HU PL Q02-23","F9PQ Q223","202306","2023-04-03","2023-06-30",780,,,,,,0.00,,,,
"2021-07-16","F PXE HU PL Q03-22","F9PQ Q322","202209","2022-07-01","2022-09-30",792,,,,,81.07,0.58,,,,
"2021-07-16","F PXE HU PL Q04-21","F9PQ Q421","202112","2021-10-01","2021-12-31",792,,,,,112.93,0.79,,,,
"2021-07-16","F PXE HU PL Q04-22","F9PQ Q422","202212","2022-10-03","2022-12-30",780,,,,,,0.00,,,,
"2021-07-16","F PXE PL BL CAL-22","FPBY 2022","202212","2022-01-01","2022-12-31",8760,,,,,76.25,0.30,,,,
"2021-07-16","F PXE PL BL CAL-23","FPBY 2023","202312","2023-01-01","2023-12-31",8760,,,,,76,0.50,,,,
"2021-07-16","F PXE PL BL CAL-24","FPBY 2024","202412","2024-01-01","2024-12-31",8784,,,,,73.16,-1.10,,,,
"2021-07-16","F PXE PL BL CAL-25","FPBY 2025","202512","2025-01-01","2025-12-31",8760,,,,,73.4,-0.07,,,,
"2021-07-16","F PXE PL BL CAL-26","FPBY 2026","202612","2026-01-01","2026-12-31",8760,,,,,,0.00,,,,
"2021-07-16","F PXE PL BL CAL-27","FPBY 2027","202712","2027-01-01","2027-12-31",8760,,,,,,0.00,,,,
"2021-07-16","F PXE PL BL M01-22","FPBM Jan22","202201","2022-01-01","2022-01-31",744,,,,,,0.00,,,,
"2021-07-16","F PXE PL BL M07-21","FPBM Jul21","202107","2021-07-01","2021-07-31",744,,,,,84.31,-0.24,,,,
"2021-07-16","F PXE PL BL M08-21","FPBM Aug21","202108","2021-08-01","2021-08-31",744,,,,,79.42,0.47,,,,
"2021-07-16","F PXE PL BL M09-21","FPBM Sep21","202109","2021-09-01","2021-09-30",720,,,,,,0.00,,,,
"2021-07-16","F PXE PL BL M10-21","FPBM Oct21","202110","2021-10-01","2021-10-31",745,,,,,,0.00,,,,
"2021-07-16","F PXE PL BL M11-21","FPBM Nov21","202111","2021-11-01","2021-11-30",720,,,,,,0.00,,,,
"2021-07-16","F PXE PL BL M12-21","FPBM Dec21","202112","2021-12-01","2021-12-31",744,,,,,,0.00,,,,
"2021-07-16","F PXE PL BL Q01-22","FPBQ Q122","202203","2022-01-01","2022-03-31",2159,,,,,,0.00,,,,
"2021-07-16","F PXE PL BL Q01-23","FPBQ Q123","202303","2023-01-01","2023-03-31",2159,,,,,,0.00,,,,
"2021-07-16","F PXE PL BL Q02-22","FPBQ Q222","202206","2022-04-01","2022-06-30",2184,,,,,,0.00,,,,
"2021-07-16","F PXE PL BL Q02-23","FPBQ Q223","202306","2023-04-01","2023-06-30",2184,,,,,,0.00,,,,
"2021-07-16","F PXE PL BL Q03-22","FPBQ Q322","202209","2022-07-01","2022-09-30",2208,,,,,,0.00,,,,
"2021-07-16","F PXE PL BL Q04-21","FPBQ Q421","202112","2021-10-01","2021-12-31",2209,,,,,77.35,0.40,,,,
"2021-07-16","F PXE PL BL Q04-22","FPBQ Q422","202212","2022-10-01","2022-12-31",2209,,,,,,0.00,,,,
"2021-07-16","F PXE PL PL CAL-22","FPPY 2022","202212","2022-01-03","2022-12-30",3120,,,,,85.89,0.67,,,,
"2021-07-16","F PXE PL PL CAL-23","FPPY 2023","202312","2023-01-02","2023-12-29",3120,,,,,,0.00,,,,
"2021-07-16","F PXE PL PL CAL-24","FPPY 2024","202412","2024-01-01","2024-12-31",3144,,,,,,0.00,,,,
"2021-07-16","F PXE PL PL CAL-25","FPPY 2025","202512","2025-01-01","2025-12-31",3132,,,,,,0.00,,,,
"2021-07-16","F PXE PL PL CAL-26","FPPY 2026","202612","2026-01-01","2026-12-31",3132,,,,,,0.00,,,,
"2021-07-16","F PXE PL PL CAL-27","FPPY 2027","202712","2027-01-01","2027-12-31",3132,,,,,,0.00,,,,
"2021-07-16","F PXE PL PL M01-22","FPPM Jan22","202201","2022-01-03","2022-01-31",252,,,,,,0.00,,,,
"2021-07-16","F PXE PL PL M07-21","FPPM Jul21","202107","2021-07-01","2021-07-30",264,,,,,90.87,0.00,,,,
"2021-07-16","F PXE PL PL M08-21","FPPM Aug21","202108","2021-08-02","2021-08-31",264,,,,,87.25,0.83,,,,
"2021-07-16","F PXE PL PL M09-21","FPPM Sep21","202109","2021-09-01","2021-09-30",264,,,,,,0.00,,,,
"2021-07-16","F PXE PL PL M10-21","FPPM Oct21","202110","2021-10-01","2021-10-29",252,,,,,,0.00,,,,
"2021-07-16","F PXE PL PL M11-21","FPPM Nov21","202111","2021-11-01","2021-11-30",264,,,,,,0.00,,,,
"2021-07-16","F PXE PL PL M12-21","FPPM Dec21","202112","2021-12-01","2021-12-31",276,,,,,,0.00,,,,
"2021-07-16","F PXE PL PL Q01-22","FPPQ Q122","202203","2022-01-03","2022-03-31",768,,,,,,0.00,,,,
"2021-07-16","F PXE PL PL Q01-23","FPPQ Q123","202303","2023-01-02","2023-03-31",780,,,,,,0.00,,,,
"2021-07-16","F PXE PL PL Q02-22","FPPQ Q222","202206","2022-04-01","2022-06-30",780,,,,,,0.00,,,,
"2021-07-16","F PXE PL PL Q02-23","FPPQ Q223","202306","2023-04-03","2023-06-30",780,,,,,,0.00,,,,
"2021-07-16","F PXE PL PL Q03-22","FPPQ Q322","202209","2022-07-01","2022-09-30",792,,,,,,0.00,,,,
"2021-07-16","F PXE PL PL Q04-21","FPPQ Q421","202112","2021-10-01","2021-12-31",792,,,,,92.07,1.12,,,,
"2021-07-16","F PXE PL PL Q04-22","FPPQ Q422","202212","2022-10-03","2022-12-30",780,,,,,,0.00,,,,
"2021-07-16","F PXE RO BL CAL-22","FHBY 2022","202212","2022-01-01","2022-12-31",8760,,,,,76.25,0.59,,,,
"2021-07-16","F PXE RO BL CAL-23","FHBY 2023","202312","2023-01-01","2023-12-31",8760,,,,,66.11,0.39,,,,
"2021-07-16","F PXE RO BL CAL-24","FHBY 2024","202412","2024-01-01","2024-12-31",8784,,,,,,0.00,,,,
"2021-07-16","F PXE RO BL CAL-25","FHBY 2025","202512","2025-01-01","2025-12-31",8760,,,,,,0.00,,,,
"2021-07-16","F PXE RO BL CAL-26","FHBY 2026","202612","2026-01-01","2026-12-31",8760,,,,,,0.00,,,,
"2021-07-16","F PXE RO BL CAL-27","FHBY 2027","202712","2027-01-01","2027-12-31",8760,,,,,,0.00,,,,
"2021-07-16","F PXE RO BL M01-22","FHBM Jan22","202201","2022-01-01","2022-01-31",744,,,,,,0.00,,,,
"2021-07-16","F PXE RO BL M07-21","FHBM Jul21","202107","2021-07-01","2021-07-31",744,,,,,92.52,0.00,,,,
"2021-07-16","F PXE RO BL M08-21","FHBM Aug21","202108","2021-08-01","2021-08-31",744,,,,,93.53,0.82,,,3720,
"2021-07-16","F PXE RO BL M09-21","FHBM Sep21","202109","2021-09-01","2021-09-30",720,,,,,95.27,1.08,,,,
"2021-07-16","F PXE RO BL M10-21","FHBM Oct21","202110","2021-10-01","2021-10-31",745,,,,,,0.00,,,,
"2021-07-16","F PXE RO BL M11-21","FHBM Nov21","202111","2021-11-01","2021-11-30",720,,,,,,0.00,,,,
"2021-07-16","F PXE RO BL M12-21","FHBM Dec21","202112","2021-12-01","2021-12-31",744,,,,,,0.00,,,,
"2021-07-16","F PXE RO BL Q01-22","FHBQ Q122","202203","2022-01-01","2022-03-31",2159,,,,,90.86,1.30,,,,
"2021-07-16","F PXE RO BL Q01-23","FHBQ Q123","202303","2023-01-01","2023-03-31",2159,,,,,,0.00,,,,
"2021-07-16","F PXE RO BL Q02-22","FHBQ Q222","202206","2022-04-01","2022-06-30",2184,,,,,68.29,0.50,,,,
"2021-07-16","F PXE RO BL Q02-23","FHBQ Q223","202306","2023-04-01","2023-06-30",2184,,,,,,0.00,,,,
"2021-07-16","F PXE RO BL Q03-22","FHBQ Q322","202209","2022-07-01","2022-09-30",2208,,,,,,0.00,,,,
"2021-07-16","F PXE RO BL Q04-21","FHBQ Q421","202112","2021-10-01","2021-12-31",2209,,,,,96.1,2.21,,,,
"2021-07-16","F PXE RO BL Q04-22","FHBQ Q422","202212","2022-10-01","2022-12-31",2209,,,,,,0.00,,,,
"2021-07-16","F PXE RO PL CAL-22","FRPY 2022","202212","2022-01-03","2022-12-30",3120,,,,,88.42,0.51,,,,
"2021-07-16","F PXE RO PL CAL-23","FRPY 2023","202312","2023-01-02","2023-12-29",3120,,,,,,0.00,,,,
"2021-07-16","F PXE RO PL CAL-24","FRPY 2024","202412","2024-01-01","2024-12-31",3144,,,,,,0.00,,,,
"2021-07-16","F PXE RO PL CAL-25","FRPY 2025","202512","2025-01-01","2025-12-31",3132,,,,,,0.00,,,,
"2021-07-16","F PXE RO PL CAL-26","FRPY 2026","202612","2026-01-01","2026-12-31",3132,,,,,,0.00,,,,
"2021-07-16","F PXE RO PL CAL-27","FRPY 2027","202712","2027-01-01","2027-12-31",3132,,,,,,0.00,,,,
"2021-07-16","F PXE RO PL M01-22","FRPM Jan22","202201","2022-01-03","2022-01-31",252,,,,,,0.00,,,,
"2021-07-16","F PXE RO PL M07-21","FRPM Jul21","202107","2021-07-01","2021-07-30",264,,,,,103.11,-0.24,,,,
"2021-07-16","F PXE RO PL M08-21","FRPM Aug21","202108","2021-08-02","2021-08-31",264,,,,,105.39,0.58,,,,
"2021-07-16","F PXE RO PL M09-21","FRPM Sep21","202109","2021-09-01","2021-09-30",264,,,,,,0.00,,,,
"2021-07-16","F PXE RO PL M10-21","FRPM Oct21","202110","2021-10-01","2021-10-29",252,,,,,,0.00,,,,
"2021-07-16","F PXE RO PL M11-21","FRPM Nov21","202111","2021-11-01","2021-11-30",264,,,,,,0.00,,,,
"2021-07-16","F PXE RO PL M12-21","FRPM Dec21","202112","2021-12-01","2021-12-31",276,,,,,,0.00,,,,
"2021-07-16","F PXE RO PL Q01-22","FRPQ Q122","202203","2022-01-03","2022-03-31",768,,,,,,0.00,,,,
"2021-07-16","F PXE RO PL Q01-23","FRPQ Q123","202303","2023-01-02","2023-03-31",780,,,,,,0.00,,,,
"2021-07-16","F PXE RO PL Q02-22","FRPQ Q222","202206","2022-04-01","2022-06-30",780,,,,,,0.00,,,,
"2021-07-16","F PXE RO PL Q02-23","FRPQ Q223","202306","2023-04-03","2023-06-30",780,,,,,,0.00,,,,
"2021-07-16","F PXE RO PL Q03-22","FRPQ Q322","202209","2022-07-01","2022-09-30",792,,,,,,0.00,,,,
"2021-07-16","F PXE RO PL Q04-21","FRPQ Q421","202112","2021-10-01","2021-12-31",792,,,,,113.13,0.78,,,,
"2021-07-16","F PXE RO PL Q04-22","FRPQ Q422","202212","2022-10-03","2022-12-30",780,,,,,,0.00,,,,
"2021-07-16","F PXE RS BL CAL-22","FVBY 2022","202212","2022-01-01","2022-12-31",8760,,,,,76.2,0.59,,,,
"2021-07-16","F PXE RS BL CAL-23","FVBY 2023","202312","2023-01-01","2023-12-31",8760,,,,,,0.00,,,,
"2021-07-16","F PXE RS BL CAL-24","FVBY 2024","202412","2024-01-01","2024-12-31",8784,,,,,,0.00,,,,
"2021-07-16","F PXE RS BL CAL-25","FVBY 2025","202512","2025-01-01","2025-12-31",8760,,,,,,0.00,,,,
"2021-07-16","F PXE RS BL CAL-26","FVBY 2026","202612","2026-01-01","2026-12-31",8760,,,,,,0.00,,,,
"2021-07-16","F PXE RS BL CAL-27","FVBY 2027","202712","2027-01-01","2027-12-31",8760,,,,,,0.00,,,,
"2021-07-16","F PXE RS BL M01-22","FVBM Jan22","202201","2022-01-01","2022-01-31",744,,,,,,0.00,,,,
"2021-07-16","F PXE RS BL M07-21","FVBM Jul21","202107","2021-07-01","2021-07-31",744,,,,,92.48,0.12,,,,
"2021-07-16","F PXE RS BL M08-21","FVBM Aug21","202108","2021-08-01","2021-08-31",744,,,,,93.08,0.82,,,,
"2021-07-16","F PXE RS BL M09-21","FVBM Sep21","202109","2021-09-01","2021-09-30",720,,,,,94.77,1.09,,,,
"2021-07-16","F PXE RS BL M10-21","FVBM Oct21","202110","2021-10-01","2021-10-31",745,,,,,,0.00,,,,
"2021-07-16","F PXE RS BL M11-21","FVBM Nov21","202111","2021-11-01","2021-11-30",720,,,,,,0.00,,,,
"2021-07-16","F PXE RS BL M12-21","FVBM Dec21","202112","2021-12-01","2021-12-31",744,,,,,,0.00,,,,
"2021-07-16","F PXE RS BL Q01-22","FVBQ Q122","202203","2022-01-01","2022-03-31",2159,,,,,,0.00,,,,
"2021-07-16","F PXE RS BL Q01-23","FVBQ Q123","202303","2023-01-01","2023-03-31",2159,,,,,,0.00,,,,
"2021-07-16","F PXE RS BL Q02-22","FVBQ Q222","202206","2022-04-01","2022-06-30",2184,,,,,,0.00,,,,
"2021-07-16","F PXE RS BL Q02-23","FVBQ Q223","202306","2023-04-01","2023-06-30",2184,,,,,,0.00,,,,
"2021-07-16","F PXE RS BL Q03-22","FVBQ Q322","202209","2022-07-01","2022-09-30",2208,,,,,,0.00,,,,
"2021-07-16","F PXE RS BL Q04-21","FVBQ Q421","202112","2021-10-01","2021-12-31",2209,,,,,95.5,2.23,,,,
"2021-07-16","F PXE RS BL Q04-22","FVBQ Q422","202212","2022-10-01","2022-12-31",2209,,,,,,0.00,,,,
"2021-07-16","F PXE RS PL CAL-22","FVPY 2022","202212","2022-01-03","2022-12-30",3120,,,,,88.37,0.51,,,,
"2021-07-16","F PXE RS PL CAL-23","FVPY 2023","202312","2023-01-02","2023-12-29",3120,,,,,,0.00,,,,
"2021-07-16","F PXE RS PL CAL-24","FVPY 2024","202412","2024-01-01","2024-12-31",3144,,,,,,0.00,,,,
"2021-07-16","F PXE RS PL CAL-25","FVPY 2025","202512","2025-01-01","2025-12-31",3132,,,,,,0.00,,,,
"2021-07-16","F PXE RS PL CAL-26","FVPY 2026","202612","2026-01-01","2026-12-31",3132,,,,,,0.00,,,,
"2021-07-16","F PXE RS PL CAL-27","FVPY 2027","202712","2027-01-01","2027-12-31",3132,,,,,,0.00,,,,
"2021-07-16","F PXE RS PL M01-22","FVPM Jan22","202201","2022-01-03","2022-01-31",252,,,,,,0.00,,,,
"2021-07-16","F PXE RS PL M07-21","FVPM Jul21","202107","2021-07-01","2021-07-30",264,,,,,101.73,-0.24,,,,
"2021-07-16","F PXE RS PL M08-21","FVPM Aug21","202108","2021-08-02","2021-08-31",264,,,,,104.94,0.58,,,,
"2021-07-16","F PXE RS PL M09-21","FVPM Sep21","202109","2021-09-01","2021-09-30",264,,,,,,0.00,,,,
"2021-07-16","F PXE RS PL M10-21","FVPM Oct21","202110","2021-10-01","2021-10-29",252,,,,,,0.00,,,,
"2021-07-16","F PXE RS PL M11-21","FVPM Nov21","202111","2021-11-01","2021-11-30",264,,,,,,0.00,,,,
"2021-07-16","F PXE RS PL M12-21","FVPM Dec21","202112","2021-12-01","2021-12-31",276,,,,,,0.00,,,,
"2021-07-16","F PXE RS PL Q01-22","FVPQ Q122","202203","2022-01-03","2022-03-31",768,,,,,,0.00,,,,
"2021-07-16","F PXE RS PL Q01-23","FVPQ Q123","202303","2023-01-02","2023-03-31",780,,,,,,0.00,,,,
"2021-07-16","F PXE RS PL Q02-22","FVPQ Q222","202206","2022-04-01","2022-06-30",780,,,,,,0.00,,,,
"2021-07-16","F PXE RS PL Q02-23","FVPQ Q223","202306","2023-04-03","2023-06-30",780,,,,,,0.00,,,,
"2021-07-16","F PXE RS PL Q03-22","FVPQ Q322","202209","2022-07-01","2022-09-30",792,,,,,,0.00,,,,
"2021-07-16","F PXE RS PL Q04-21","FVPQ Q421","202112","2021-10-01","2021-12-31",792,,,,,112.53,0.79,,,,
"2021-07-16","F PXE RS PL Q04-22","FVPQ Q422","202212","2022-10-03","2022-12-30",780,,,,,,0.00,,,,
"2021-07-16","F PXE SI BL CAL-22","FZBY 2022","202212","2022-01-01","2022-12-31",8760,,,,,76.6,0.59,,,,
"2021-07-16","F PXE SI BL CAL-23","FZBY 2023","202312","2023-01-01","2023-12-31",8760,,,,,,0.00,,,,
"2021-07-16","F PXE SI BL CAL-24","FZBY 2024","202412","2024-01-01","2024-12-31",8784,,,,,,0.00,,,,
"2021-07-16","F PXE SI BL CAL-25","FZBY 2025","202512","2025-01-01","2025-12-31",8760,,,,,,0.00,,,,
"2021-07-16","F PXE SI BL CAL-26","FZBY 2026","202612","2026-01-01","2026-12-31",8760,,,,,,0.00,,,,
"2021-07-16","F PXE SI BL CAL-27","FZBY 2027","202712","2027-01-01","2027-12-31",8760,,,,,,0.00,,,,
"2021-07-16","F PXE SI BL M01-22","FZBM Jan22","202201","2022-01-01","2022-01-31",744,,,,,,0.00,,,,
"2021-07-16","F PXE SI BL M07-21","FZBM Jul21","202107","2021-07-01","2021-07-31",744,,,,,92.65,0.15,,,,
"2021-07-16","F PXE SI BL M08-21","FZBM Aug21","202108","2021-08-01","2021-08-31",744,,,,,93.53,0.82,,,,
"2021-07-16","F PXE SI BL M09-21","FZBM Sep21","202109","2021-09-01","2021-09-30",720,,,,,95.27,1.08,,,,
"2021-07-16","F PXE SI BL M10-21","FZBM Oct21","202110","2021-10-01","2021-10-31",745,,,,,,0.00,,,,
"2021-07-16","F PXE SI BL M11-21","FZBM Nov21","202111","2021-11-01","2021-11-30",720,,,,,,0.00,,,,
"2021-07-16","F PXE SI BL M12-21","FZBM Dec21","202112","2021-12-01","2021-12-31",744,,,,,,0.00,,,,
"2021-07-16","F PXE SI BL Q01-22","FZBQ Q122","202203","2022-01-01","2022-03-31",2159,,,,,,0.00,,,,
"2021-07-16","F PXE SI BL Q01-23","FZBQ Q123","202303","2023-01-01","2023-03-31",2159,,,,,,0.00,,,,
"2021-07-16","F PXE SI BL Q02-22","FZBQ Q222","202206","2022-04-01","2022-06-30",2184,,,,,,0.00,,,,
"2021-07-16","F PXE SI BL Q02-23","FZBQ Q223","202306","2023-04-01","2023-06-30",2184,,,,,,0.00,,,,
"2021-07-16","F PXE SI BL Q03-22","FZBQ Q322","202209","2022-07-01","2022-09-30",2208,,,,,,0.00,,,,
"2021-07-16","F PXE SI BL Q04-21","FZBQ Q421","202112","2021-10-01","2021-12-31",2209,,,,,95.9,2.22,,,,
"2021-07-16","F PXE SI BL Q04-22","FZBQ Q422","202212","2022-10-01","2022-12-31",2209,,,,,,0.00,,,,
"2021-07-16","F PXE SI PL CAL-22","FVPY 2022","202212","2022-01-03","2022-12-30",3120,,,,,88.37,0.51,,,,
"2021-07-16","F PXE SI PL CAL-23","FVPY 2023","202312","2023-01-02","2023-12-29",3120,,,,,,0.00,,,,
"2021-07-16","F PXE SI PL CAL-24","FVPY 2024","202412","2024-01-01","2024-12-31",3144,,,,,,0.00,,,,
"2021-07-16","F PXE SI PL CAL-25","FVPY 2025","202512","2025-01-01","2025-12-31",3132,,,,,,0.00,,,,
"2021-07-16","F PXE SI PL CAL-26","FVPY 2026","202612","2026-01-01","2026-12-31",3132,,,,,,0.00,,,,
"2021-07-16","F PXE SI PL Q01-22","FVPQ Q122","202203","2022-01-03","2022-03-31",768,,,,,,0.00,,,,
"2021-07-16","F PXE SI PL Q02-22","FVPQ Q222","202206","2022-04-01","2022-06-30",780,,,,,,0.00,,,,
"2021-07-16","F PXE SI PL Q03-22","FVPQ Q322","202209","2022-07-01","2022-09-30",792,,,,,,0.00,,,,
"2021-07-16","F PXE SI PL Q04-21","FVPQ Q421","202112","2021-10-01","2021-12-31",792,,,,,112.53,0.79,,,,
"2021-07-16","F PXE SK BL CAL-22","FYBY 2022","202212","2022-01-01","2022-12-31",8760,75.63,75.8,75.4,75.4,75.55,0.49,87600,10,,
"2021-07-16","F PXE SK BL CAL-23","FYBY 2023","202312","2023-01-01","2023-12-31",8760,,,,,65.92,0.38,,,,
"2021-07-16","F PXE SK BL CAL-24","FYBY 2024","202412","2024-01-01","2024-12-31",8784,,,,,62.41,-0.10,,,,
"2021-07-16","F PXE SK BL CAL-25","FYBY 2025","202512","2025-01-01","2025-12-31",8760,,,,,,0.00,,,,
"2021-07-16","F PXE SK BL CAL-26","FYBY 2026","202612","2026-01-01","2026-12-31",8760,,,,,,0.00,,,,
"2021-07-16","F PXE SK BL CAL-27","FYBY 2027","202712","2027-01-01","2027-12-31",8760,,,,,,0.00,,,,
"2021-07-16","F PXE SK BL M01-22","FYBM Jan22","202201","2022-01-01","2022-01-31",744,,,,,92.1,1.16,,,,
"2021-07-16","F PXE SK BL M07-21","FYBM Jul21","202107","2021-07-01","2021-07-31",744,,,,,90.77,0.12,,,,
"2021-07-16","F PXE SK BL M08-21","FYBM Aug21","202108","2021-08-01","2021-08-31",744,86.3,86.3,86.3,86.3,87.13,-0.18,744,1,,
"2021-07-16","F PXE SK BL M09-21","FYBM Sep21","202109","2021-09-01","2021-09-30",720,,,,,89.27,0.98,,,,
"2021-07-16","F PXE SK BL M10-21","FYBM Oct21","202110","2021-10-01","2021-10-31",745,,,,,90.35,1.47,,,,
"2021-07-16","F PXE SK BL M11-21","FYBM Nov21","202111","2021-11-01","2021-11-30",720,,,,,94.25,1.07,,,,
"2021-07-16","F PXE SK BL M12-21","FYBM Dec21","202112","2021-12-01","2021-12-31",744,,,,,90.43,1.08,,,,
"2021-07-16","F PXE SK BL Q01-22","FYBQ Q122","202203","2022-01-01","2022-03-31",2159,,,,,89.61,1.09,,,,
"2021-07-16","F PXE SK BL Q01-23","FYBQ Q123","202303","2023-01-01","2023-03-31",2159,,,,,,0.00,,,,
"2021-07-16","F PXE SK BL Q02-22","FYBQ Q222","202206","2022-04-01","2022-06-30",2184,,,,,67.94,0.50,,,,
"2021-07-16","F PXE SK BL Q02-23","FYBQ Q223","202306","2023-04-01","2023-06-30",2184,,,,,,0.00,,,,
"2021-07-16","F PXE SK BL Q03-22","FYBQ Q322","202209","2022-07-01","2022-09-30",2208,,,,,70.34,0.72,,,,
"2021-07-16","F PXE SK BL Q04-21","FYBQ Q421","202112","2021-10-01","2021-12-31",2209,,,,,91.65,1.21,,,,
"2021-07-16","F PXE SK BL Q04-22","FYBQ Q422","202212","2022-10-01","2022-12-31",2209,,,,,,0.00,,,,
"2021-07-16","F PXE SK PL CAL-22","FYPY 2022","202212","2022-01-03","2022-12-30",3120,,,,,89.57,0.45,,,,
"2021-07-16","F PXE SK PL CAL-23","FYPY 2023","202312","2023-01-02","2023-12-29",3120,,,,,79.96,0.10,,,,
"2021-07-16","F PXE SK PL CAL-24","FYPY 2024","202412","2024-01-01","2024-12-31",3144,,,,,77.4,-0.03,,,,
"2021-07-16","F PXE SK PL CAL-25","FYPY 2025","202512","2025-01-01","2025-12-31",3132,,,,,,0.00,,,,
"2021-07-16","F PXE SK PL CAL-26","FYPY 2026","202612","2026-01-01","2026-12-31",3132,,,,,,0.00,,,,
"2021-07-16","F PXE SK PL CAL-27","FYPY 2027","202712","2027-01-01","2027-12-31",3132,,,,,,0.00,,,,
"2021-07-16","F PXE SK PL M01-22","FYPM Jan22","202201","2022-01-03","2022-01-31",252,,,,,114.2,0.41,,,,
"2021-07-16","F PXE SK PL M07-21","FYPM Jul21","202107","2021-07-01","2021-07-30",264,,,,,100.93,0.28,,,,
"2021-07-16","F PXE SK PL M08-21","FYPM Aug21","202108","2021-08-02","2021-08-31",264,,,,,98.54,0.52,,,,
"2021-07-16","F PXE SK PL M09-21","FYPM Sep21","202109","2021-09-01","2021-09-30",264,,,,,99.93,1.25,,,,
"2021-07-16","F PXE SK PL M10-21","FYPM Oct21","202110","2021-10-01","2021-10-29",252,,,,,99.84,0.33,,,,
"2021-07-16","F PXE SK PL M11-21","FYPM Nov21","202111","2021-11-01","2021-11-30",264,,,,,114.14,0.95,,,,
"2021-07-16","F PXE SK PL M12-21","FYPM Dec21","202112","2021-12-01","2021-12-31",276,,,,,110.81,0.97,,,,
"2021-07-16","F PXE SK PL Q01-22","FYPQ Q122","202203","2022-01-03","2022-03-31",768,,,,,107.22,0.42,,,,
"2021-07-16","F PXE SK PL Q01-23","FYPQ Q123","202303","2023-01-02","2023-03-31",780,,,,,,0.00,,,,
"2021-07-16","F PXE SK PL Q02-22","FYPQ Q222","202206","2022-04-01","2022-06-30",780,,,,,79.18,0.08,,,,
"2021-07-16","F PXE SK PL Q02-23","FYPQ Q223","202306","2023-04-03","2023-06-30",780,,,,,,0.00,,,,
"2021-07-16","F PXE SK PL Q03-22","FYPQ Q322","202209","2022-07-01","2022-09-30",792,,,,,81.32,0.58,,,,
"2021-07-16","F PXE SK PL Q04-21","FYPQ Q421","202112","2021-10-01","2021-12-31",792,,,,,108.43,0.77,,,,
"2021-07-16","F PXE SK PL Q04-22","FYPQ Q422","202212","2022-10-03","2022-12-30",780,,,,,,0.00,,,,
"2021-07-16","G PXE CZ BL CAL-22","G1BY 2022","202212","2022-01-01","2022-12-31",8760,,,,,25.534,-0.26,,,,
"2021-07-16","G PXE CZ BL CAL-23","G1BY 2023","202312","2023-01-01","2023-12-31",8760,,,,,19.874,-0.88,,,,
"2021-07-16","G PXE CZ BL CAL-24","G1BY 2024","202412","2024-01-01","2024-12-31",8784,,,,,,0.00,,,,
"2021-07-16","G PXE CZ BL CAL-25","G1BY 2025","202512","2025-01-01","2025-12-31",8760,,,,,,0.00,,,,
"2021-07-16","G PXE CZ BL CAL-26","G1BY 2026","202612","2026-01-01","2026-12-31",8760,,,,,,0.00,,,,
"2021-07-16","G PXE CZ BL CAL-27","G1BY 2027","202712","2027-01-01","2027-12-31",8760,,,,,,0.00,,,,
"2021-07-16","G PXE CZ BL M01-22","G1BM Jan22","202201","2022-01-01","2022-01-31",744,,,,,,0.00,,,,
"2021-07-16","G PXE CZ BL M07-21","G1BM Jul21","202107","2021-07-01","2021-07-31",288,,,,,34.14,0.00,,,,
"2021-07-16","G PXE CZ BL M08-21","G1BM Aug21","202108","2021-08-01","2021-08-31",744,,,,,34.998,0.28,,,,
"2021-07-16","G PXE CZ BL M09-21","G1BM Sep21","202109","2021-09-01","2021-09-30",720,,,,,35.187,0.32,,,,
"2021-07-16","G PXE CZ BL M10-21","G1BM Oct21","202110","2021-10-01","2021-10-31",745,,,,,35.274,0.50,,,,
"2021-07-16","G PXE CZ BL M11-21","G1BM Nov21","202111","2021-11-01","2021-11-30",720,,,,,,0.00,,,,
"2021-07-16","G PXE CZ BL M12-21","G1BM Dec21","202112","2021-12-01","2021-12-31",744,,,,,,0.00,,,,
"2021-07-16","G PXE CZ BL Q01-22","G1BQ Q122","202203","2022-01-01","2022-03-31",2159,,,,,33.946,0.19,,,,
"2021-07-16","G PXE CZ BL Q01-23","G1BQ Q123","202303","2023-01-01","2023-03-31",2159,,,,,,0.00,,,,
"2021-07-16","G PXE CZ BL Q02-22","G1BQ Q222","202206","2022-04-01","2022-06-30",2184,,,,,23.126,-0.32,,,,
"2021-07-16","G PXE CZ BL Q02-23","G1BQ Q223","202306","2023-04-01","2023-06-30",2184,,,,,,0.00,,,,
"2021-07-16","G PXE CZ BL Q03-22","G1BQ Q322","202209","2022-07-01","2022-09-30",2208,,,,,22.432,-0.74,,,,
"2021-07-16","G PXE CZ BL Q04-21","G1BQ Q421","202112","2021-10-01","2021-12-31",2209,,,,,35.166,0.46,,,,
"2021-07-16","G PXE CZ BL Q04-22","G1BQ Q422","202212","2022-10-01","2022-12-31",2209,,,,,,0.00,,,,
"2021-07-16","G PXE CZ BL Sum 22","G1BS Summer 22","","2022-04-01","2022-09-30",4392,,,,,22.777,-0.53,,,,
"2021-07-16","G PXE CZ BL Sum 23","G1BS Summer 23","","2023-04-01","2023-09-30",4392,,,,,,0.00,,,,
"2021-07-16","G PXE CZ BL Sum 24","G1BS Summer 24","","2024-04-01","2024-09-30",4392,,,,,,0.00,,,,
"2021-07-16","G PXE CZ BL Win 21","G1BS Winter 21","","2021-10-01","2022-03-31",4368,,,,,34.563,0.33,,,,
"2021-07-16","G PXE CZ BL Win 22","G1BS Winter 22","","2022-10-01","2023-03-31",4368,,,,,23.268,-0.67,,,,
"2021-07-16","G PXE CZ BL Win 23","G1BS Winter 23","","2023-10-01","2024-03-31",4392,,,,,,0.00,,,,

